{"n": 372, "T": 5242, "bounds": [-3.538597251064598, 0.6881346195670678], "r": 0.014600027442714018}