{"n": 26, "T": 5242, "bounds": [-0.42114611367031746, 0.2971882479418504], "r": 0.4875636847887666}