{"n": 29, "T": 2727, "bounds": [-0.3286461186523216, 0.22510618352534317]}
