{"n": 15, "T": 5242, "bounds": [-0.5592989571796629, 0.29597304002723823], "r": 0.4251675309724842}