{"n": 29, "T": 2727, "bounds": [0.7198977300541752, 1.2524556992929192]}