{"n": 27, "T": 5242, "bounds": [-0.5592989571796629, 0.2971882479418504], "r": 0.5716096462582427}